,links,names,Type,Duration,difficulty,Description,platform
0,https://online-learning.harvard.edu/course/cs50s-introduction-game-development?delta=0,CS50's Introduction to Game Development,Programming,12 weeks long,Intermediate,"In a quest to understand how video games themselves are implemented, you'll explore the design of such childhood games as: Super Mario Bros., Pong, Flappy Bird, Breakout, Match 3, Legend of Zelda, Angry Birds, Pokémon, 3D Helicopter Game, Dreadhalls, and Portal.",edX
1,https://online-learning.harvard.edu/course/cs50s-web-programming-python-and-javascript?delta=0,CS50's Web Programming with Python and JavaScript,Programming,12 weeks long,Intermediate,"Topics include database design, scalability, security, and user experience. Through hands-on projects, you'll learn to write and use APIs, create interactive UIs, and leverage cloud services like GitHub and Heroku. By course's end, you'll emerge with knowledge and experience in principles, languages, and tools that empower you to design and deploy applications on the Internet.",edX
2,https://online-learning.harvard.edu/course/nonprofit-financial-stewardship-webinar-introduction-accounting-and-financial-statements?delta=0,Nonprofit Financial Stewardship Webinar: Introduction to Accounting and Financial Statements,Business,9 weeks long,Introductory,The Introduction to Nonprofit Accounting and Financial Statements webinar series is designed to introduce basic nonprofit accounting concepts and financial statements to individuals who have had little or no experience with finance or accounting.,Executive Education
3,https://online-learning.harvard.edu/course/predictionx-john-snow-and-cholera-epidemic-1854?delta=0,PredictionX: John Snow and the Cholera Epidemic of 1854,Health & Medicine,1 week long,Introductory,"In 1854, a cholera epidemic swept through the London neighborhood of Soho. In about three weeks, over 600 people died. This incident was, tragically, not unusual in London or the rest of the 19th-century world as a whole. The scourge of cholera seemed unstoppable and, even worse, unpredictable. But one doctor — ignored by the scientific community at large — set out to prove that he knew how cholera was spread.",edX
4,https://online-learning.harvard.edu/course/cs50-introduction-computer-science?delta=0,CS50: Introduction to Computer Science,Programming,11 weeks long,Introductory,"This is CS50x , Harvard University's introduction to the intellectual enterprises of computer science and the art of programming for majors and non-majors alike, with or without prior programming experience. An entry-level course taught by David J. Malan, CS50x teaches students how to think algorithmically and solve problems efficiently. Topics include abstraction, algorithms, data structures, encapsulation, resource management, security, software engineering, and web development. Languages include C, Python, SQL, and JavaScript plus CSS and HTML. Problem sets inspired by real-world domains of biology, cryptography, finance, forensics, and gaming. The on-campus version of CS50x , CS50, is Harvard's largest course. ",edX
5,https://online-learning.harvard.edu/course/cs50-lawyers?delta=0,CS50 for Lawyers,Computer Science,10 weeks long,Introductory,"This course is a variant of Harvard University's introduction to computer science, CS50, designed especially for lawyers (and law students). Whereas CS50 itself takes a bottom-up approach, emphasizing mastery of low-level concepts and implementation details thereof, this course takes a top-down approach, emphasizing mastery of high-level concepts and design decisions related thereto. Ultimately, it equips students with a deeper understanding of the legal implications of technological decisions made by clients.",edX
6,https://online-learning.harvard.edu/course/predictionx-omens-oracles-prophecies?delta=0,"PredictionX: Omens, Oracles & Prophecies",Humanities,1 week long,Introductory,"Humans have always sought to know their own future, be it the destiny of an empire or an individual's fate. Across cultures and history, we find people trying to find their place in the Universe by attempting to gaze into the future.",edX
7,https://online-learning.harvard.edu/course/cs50s-introduction-artificial-intelligence-python?delta=0,CS50's Introduction to Artificial Intelligence with Python,Computer Science,7 weeks long,Introductory,"AI is transforming how we live, work, and play. By enabling new technologies like self-driving cars and recommendation systems or improving old ones like medical diagnostics and search engines, the demand for expertise in AI and machine learning is growing rapidly. This course will enable you to take the first step toward solving important real-world problems and future-proofing your career.",edX
8,https://online-learning.harvard.edu/course/data-analysis-life-sciences-5-introduction-bioconductor-annotation-and-analysis-genomes-and?delta=0,Introduction to Bioconductor,Data Science,5 weeks long,Intermediate,"We begin with an introduction to the relevant biology, explaining what we measure and why. Then we focus on the two main measurement technologies: next generation sequencing and microarrays. We then move on to describing how raw data and experimental information are imported into R and how we use Bioconductor classes to organize these data, whether generated locally, or harvested from public repositories or institutional archives. Genomic features are generally identified using intervals in genomic coordinates, and highly efficient algorithms for computing with genomic intervals will be examined in detail. Statistical methods for testing gene-centric or pathway-centric hypotheses with genome-scale data are found in packages such as limma, some of these techniques will be illustrated in lectures and labs.",edX
9,https://online-learning.harvard.edu/course/data-analysis-life-sciences-6-high-performance-computing-reproducible-genomics?delta=0,Advanced Bioconductor,Data Science,5 weeks long,Intermediate,"In this course, we begin with approaches to visualization of genome-scale data, and provide tools to build interactive graphical interfaces to speed discovery and interpretation. Using knitr and rmarkdown as basic authoring tools, the concept of reproducible research is developed, and the concept of an executable document is presented. In this framework reports are linked tightly to the underlying data and code, enhancing reproducibility and extensibility of completed analyses. We study out-of-memory approaches to the analysis of very large data resources, using relational databases or HDF5 as ""back ends"" with familiar R interfaces. Multiomic data integration is illustrated using a curated version of The Cancer Genome Atlas. Finally, we explore cloud-resident resources developed for the Encyclopedia of DNA Elements (the ENCODE project). These address transcription factor binding, ATAC-seq, and RNA-seq with CRISPR interference.",edX
10,https://online-learning.harvard.edu/course/data-analysis-life-sciences-7-case-studies-functional-genomics?delta=1,Case Studies in Functional Genomics,Data Science,5 weeks long,Advanced,"We will explain how to perform the standard processing and normalization steps, starting with raw data, to get to the point where one can investigate relevant biological questions. Throughout the case studies, we will make use of exploratory plots to get a general overview of the shape of the data and the result of the experiment. We start with RNA-seq data analysis covering basic concepts and a first look at FASTQ files. We will also go over quality control of FASTQ files; aligning RNA-seq reads; visualizing alignments and move on to analyzing RNA-seq at the gene-level : counting reads in genes; Exploratory Data Analysis and variance stabilization for counts; count-based differential expression; normalization and batch effects. Finally, we cover RNA-seq at the transcript-level : inferring expression of transcripts (i.e. alternative isoforms); differential exon usage. We will learn the basic steps in analyzing DNA methylation data, including reading the raw data, normalization, and finding regions of differential methylation across multiple samples. The course will end with a brief description of the basic steps for analyzing ChIP-seq datasets, from read alignment, to peak calling, and assessing differential binding patterns across multiple samples.",edX
11,https://online-learning.harvard.edu/course/systematic-approaches-policy-design?delta=0,Systematic Approaches to Policy Design,Social Sciences,10 weeks long,Introductory,"This course will help senior officials make greater use of data and evidence in their everyday decision-making. This unit presents a few over-arching frameworks that are helpful in approaching complicated decisions. You will learn how to orgnaize your thinking, how to break a problem down into parts, and how to figure out where evidence can be most useful in making a decision.",Other
12,https://online-learning.harvard.edu/course/health-effects-climate-change?delta=1,The Health Effects of Climate Change,Health & Medicine,7 weeks long,Introductory,"Our world’s climate is changing. Of the top twenty hottest years ever recorded, sixteen have occurred in the last two decades. This warming has already had a profound effect. Many feel powerless in the face of this challenge, but you can make a difference.",edX
13,https://online-learning.harvard.edu/course/principles-statistical-and-computational-tools-reproducible-data-science?delta=1,"Principles, Statistical and Computational Tools for Reproducible Data Science",Data Science,8 weeks long,Intermediate,"Today the principles and techniques of reproducible research are more important than ever, across diverse disciplines from astrophysics to political science. No one wants to do research that can’t be reproduced. Thus, this course is really for anyone who is doing any intensive data research. While many of us come from a biomedical background, this course is for a broad audience of data scientists.",edX
14,https://online-learning.harvard.edu/course/religion-conflict-and-peace?delta=2,"Religion, Conflict and Peace",Humanities,8 weeks long,Introductory,"In this course, we will explore a series of contemporary conflicts in different regions of the world with a special focus on identifying and analyzing the diverse and complex roles that religions play in both promoting and mitigating violence in each context. Students will learn a method for recognizing and analyzing how religious ideologies are embedded in all arenas of human agency and not isolated from political, economic, and cultural life as is often assumed. ",edX
15,https://online-learning.harvard.edu/course/data-analysis-life-sciences-2-introduction-linear-models-and-matrix-algebra?delta=0,Introduction to Linear Models and Matrix Algebra,Data Science,4 weeks long,Intermediate,"Matrix Algebra underlies many of the current tools for experimental design and the analysis of high-dimensional data. In this introductory data analysis course, we will use matrix algebra to represent the linear models that commonly used to model differences between experimental units. We perform statistical inference on these differences. Throughout the course, we will use the R programming language.",edX
16,https://online-learning.harvard.edu/course/statistics-and-r?delta=0,Statistics and R,Data Science,4 weeks long,Intermediate,"We will learn the basics of statistical inference in order to understand and compute p-values and confidence intervals, all while analyzing data with R. We provide R programming examples in a way that will help make the connection between concepts and implementation. Problem sets requiring R programming will be used to test understanding and ability to implement basic data analyses. We will use visualization techniques to explore new data sets and determine the most appropriate approach. We will describe robust statistical techniques as alternatives when data do not fit assumptions required by the standard approaches. By using R scripts to analyze data, you will learn the basics of conducting reproducible research.",edX
17,https://online-learning.harvard.edu/course/data-analysis-life-sciences-3-statistical-inference-and-modeling-high-throughput-experiments?delta=0,Statistical Inference and Modeling for High-throughput Experiments,Data Science,4 weeks long,Intermediate,"In this course, you’ll learn various statistics topics including multiple testing problems, error rates, error rate controlling procedures, false discovery rates, q-values, and exploratory data analysis. We then introduce statistical modeling and how it is applied to high-throughput data. In particular, we will discuss parametric distributions, including binomial, exponential, and gamma, and describe maximum likelihood estimation. We provide several examples of how these concepts are applied in next-generation sequencing and microarray data. Finally, we will discuss hierarchical models and empirical Bayes along with some examples of how these are used in practice. We provide R programming examples in a way that will help make the connection between concepts and implementation.",edX
18,https://online-learning.harvard.edu/course/data-analysis-life-sciences-4-high-dimensional-data-analysis?delta=1,High-Dimensional Data Analysis,Data Science,4 weeks long,Intermediate,"If you’re interested in data analysis and interpretation, then this is the data science course for you. We start by learning the mathematical definition of distance and use this to motivate the use of the singular value decomposition (SVD) for dimension reduction and multi-dimensional scaling and its connection to principal component analysis. We will learn about the batch effect: the most challenging data analytical problem in genomics today and describe how the techniques can be used to detect and adjust for batch effects. Specifically, we will describe the principal component analysis and factor analysis and demonstrate how these concepts are applied to data visualization and data analysis of high-throughput experimental data.",edX
19,https://online-learning.harvard.edu/course/first-nights-berlioz%E2%80%99s-symphonie-fantastique-and-program-music-19th-century?delta=2,First Nights: Berlioz’s Symphonie Fantastique and Program Music in the 19th Century,Art & Design,3 weeks long,Introductory,"Six years after the premiere of Beethoven’s monumental Ninth Symphony, composer Hector Berlioz sought to make use of the symphonic genre, but on his terms. Indeed, he wrote not only a five-movement symphony but also a narrative program to accompany and explain the symphony.",edX
20,https://online-learning.harvard.edu/course/first-nights-handel%E2%80%99s-messiah-and-baroque-oratorio?delta=1,Handel's Messiah and Baroque Oratorio,Art & Design,3 weeks long,Introductory,"While Italian opera set the standard in the Baroque era, German composer George Frederic Handel quickly gained popularity for his oratorios, which put operatic techniques to work in the service of sacred music. Handel’s Messiah premiered in Dublin on April 13, 1742, and remains popular to this day. Harvard’s Thomas Forrest Kelly (Morton B. Knafel Professor of Music) guides learners through Messiah’s musical highlights while detailing Handel’s composition process, the preparations and rehearsals, and the premiere performance.",edX
21,https://online-learning.harvard.edu/course/first-nights-beethoven%E2%80%99s-9th-symphony-and-19th-century-orchestra?delta=1,Beethoven's 9th Symphony and the 19th Century Orchestra,Art & Design,3 weeks long,Introductory,"Ludwig van Beethoven’s 9th Symphony premiered in Vienna in 1824 and continues to be one of the most popular symphonies in the repertoire. The monumental symphony’s size and complexity stretch traditional instrumental forms to the breaking point, and its famous choral finale changed our view of orchestral music forever.",edX
22,https://online-learning.harvard.edu/course/first-nights-igor-stravinsky%E2%80%99s-rite-spring-modernism-ballet-and-riots?delta=1,"Stravinsky’s Rite of Spring: Modernism, Ballet, and Riots",Art & Design,3 weeks long,Introductory,"Igor Stravinsky’s The Rite of Spring premiered in Paris in 1913, sparking a riot and screaming so loud that the dancers could not hear the orchestra, and the choreographer had to shout numbers from backstage to keep the dancers on beat.",edX
23,https://online-learning.harvard.edu/course/first-nights-monteverdi%E2%80%99s-l%E2%80%99orfeo-and-birth-opera?delta=1,Monteverdi’s L’Orfeo and the Birth of Opera,Art & Design,3 weeks long,Introductory,"Claudio Monteverdi’s L’Orfeo premiered in Mantua in 1607 and continues to be regarded as one of the most important examples of early opera. With L’Orfeo, Monteverdi helped to establish the techniques and traditions that continue to inform the genre of opera to this day.",edX
24,https://online-learning.harvard.edu/course/chinax-book-club-five-authors-five-books-five-views-china?delta=1,"ChinaX Book Club: Five Authors, Five Books, Five Views of China",Humanities,5 weeks long,Introductory,How can literature and literary analysis allow us to understand the dynamics of contemporary China? ****,edX
25,https://online-learning.harvard.edu/course/improving-your-business-through-culture-health?delta=2,Improving Your Business Through a Culture of Health,Health & Medicine,9 weeks long,Introductory,"While the United States is one of the world’s wealthiest nations, it is far from the healthiest. Our nation’s burden of disease affects businesses every day, from sick employees and families reducing productivity and increasing costs, to product recalls and failures, to environmental scandals such as toxic chemical emissions harming communities and reputations.",edX
26,https://online-learning.harvard.edu/course/become-more-resilient-leader-turbulent-times?delta=0,Become a More Resilient Leader in Turbulent Times,Business,9 weeks long,Introductory,"In this free, 35-minute lesson, Harvard Business School (HBS) Professor Nancy Koehn delves into the career of legendary explorer Ernest Shackleton. She unpacks the courageous actions he took in the midst of crisis and highlights the skills all leaders need to guide themselves and others through challenging times.",Harvard Business School Online
27,https://online-learning.harvard.edu/course/principles-biochemistry-1?delta=1,Principles of Biochemistry,Science,15 weeks long,Intermediate,"Principles of Biochemistry integrates an introduction to the structure of macromolecules and a biochemical approach to cellular function. Topics addressing protein function will include enzyme kinetics, the characterization of major metabolic pathways and their interconnection into tightly regulated networks, and the manipulation of enzymes and pathways with mutations or drugs. An exploration of simple cells (red blood cells) to more complex tissues (muscle and liver) will be used as a framework to discuss the progression in metabolic complexity. Learners will also develop problem-solving and analytical skills that are more generally applicable to the life sciences.",edX
28,https://online-learning.harvard.edu/course/principles-biochemistry-1?delta=2,Principles of Biochemistry,Science,15 weeks long,Intermediate,"Principles of Biochemistry integrates an introduction to the structure of macromolecules and a biochemical approach to cellular function. Topics addressing protein function will include enzyme kinetics, the characterization of major metabolic pathways and their interconnection into tightly regulated networks, and the manipulation of enzymes and pathways with mutations or drugs. An exploration of simple cells (red blood cells) to more complex tissues (muscle and liver) will be used as a framework to discuss the progression in metabolic complexity. Learners will also develop problem-solving and analytical skills that are more generally applicable to the life sciences.",edX
29,https://online-learning.harvard.edu/course/fat-chance-probability-ground?delta=1,Fat Chance: Probability from the Ground Up,Mathematics,7 weeks long,Introductory,"Created specifically for those who are new to the study of probability, or for those who are seeking an approachable review of core concepts prior to enrolling in a college-level statistics course, Fat Chance prioritizes the development of a mathematical mode of thought over rote memorization of terms and formulae. Through highly visual lessons and guided practice, this course explores the quantitative reasoning behind probability and the cumulative nature of mathematics by tracing probability and statistics back to a foundation in the principles of counting. ",edX
30,https://online-learning.harvard.edu/course/food-fermentation-science-cooking-microbes?delta=0,Food Fermentation: The Science of Cooking with Microbes,Science,14 weeks long,Introductory,"What’s living in your food? Many of the foods that we consume daily owe their distinct characteristics and flavors to microbes, specifically through a biochemical process of fermentation (using bacteria, fungi, and other microorganisms to produce diverse foods). Gourmands and everyday consumers can quickly name some of the most popular fermented foods we consume—beer, yogurt, pickles—but, what about that coffee you drank this morning, or the chocolate bar you are saving for later?",edX
31,https://online-learning.harvard.edu/course/new-ideas-nonprofit-leaders-webinar?delta=0,New Ideas for Nonprofit Leaders Webinar,Social Sciences,10 weeks long,Introductory,"The ""New Ideas for Nonprofit Leaders"" webinar features a presentation from Arthur Brooks, professor of public leadership at the Harvard Kennedy School and professor of management practice at the Harvard Business School. Explore cutting-edge concepts from Professor Brooks that tie tactics of the most effective nonprofit leaders back to the basics of human connection. ",Executive Education
32,https://online-learning.harvard.edu/course/early-childhood-development-global-strategies-interventions?delta=0,Early Childhood Development: Global Strategies for Interventions,Education & Teaching,7 weeks long,Introductory,How can we ensure that we don’t fail the next generation of children? What investments do we need to make an impact? What implementation decisions do we need to make for program success?,edX
33,https://online-learning.harvard.edu/course/harvard-kennedy-school-executive-education?delta=0,Harvard Kennedy School Executive Education,Social Sciences,10 weeks long,Introductory,What kind of leader are you? Browse our program offerrings with our latest Program Guide and find the right one for you.,Executive Education
34,https://online-learning.harvard.edu/course/salary-negotiation-techniques?delta=0,Salary Negotiation Techniques,Business,9 weeks long,Introductory,"Taught by Mike Wheeler of Negotiation Mastery, this free, 15-minute, Harvard Business School (HBS) Online lesson will explore negotiation techniques through the story of Derek Sanderson and how he became the highest-paid professional athlete in the world in 1972. ",Harvard Business School Online
35,https://online-learning.harvard.edu/course/4p-model-strategic-leadership-podcasts?delta=0,4P Model for Strategic Leadership Podcasts,Social Sciences,10 weeks long,Introductory,This 4-part podcast series focuses on the less obvious but no less important aspects of successful leadership with practical tips to apply immediately.,Executive Education
36,https://online-learning.harvard.edu/course/science-corresponding-busy-people-webinar?delta=0,The Science of Corresponding with Busy People Webinar,Social Sciences,10 weeks long,Introductory,"The “The Science of Corresponding with Busy People” webinar features a presentation from Todd Rogers, a behavioral scientist and professor of public policy professor Harvard Kennedy School (HKS). Learn more about his take on the five principles for effective communication and how to implement them in your writing. This free webinar is held in conjunction with the Behavioral Insights and Public Policy executive program from HKS.",Executive Education
37,https://online-learning.harvard.edu/course/masterpieces-of-world-literature?delta=2,Masterpieces of World Literature,Humanities,12 weeks long,Introductory,This literature course explores how great writers refract their world and how their works are transformed when they intervene in our global cultural landscape today.,edX
38,https://online-learning.harvard.edu/course/modern-masterpieces-world-literature?delta=2,Modern Masterpieces of World Literature,Humanities,8 weeks long,Introductory,"Based on the second half of the Masterpieces of World Literature edX MOOC, this short literature course examines how writers reach beyond national and linguistic boundaries as worldly readers and travelers, and how their modern fictions rise to the status of world literature.",edX
39,https://online-learning.harvard.edu/course/ancient-masterpieces-world-literature?delta=2,Ancient Masterpieces of World Literature,Humanities,6 weeks long,Introductory,"This short literature course, based on the first half of the Masterpieces of World Literature edX MOOC, examines how civilizations and cultures of the ancient world defined themselves through literature and how that literature has continued to contribute to our understanding of those civilizations and cultures today.",edX
40,https://online-learning.harvard.edu/course/china-humanities-individual-chinese-culture?delta=1,China Humanities: The Individual in Chinese Culture,Humanities,8 weeks long,Introductory,"In China’s history, there has been a longstanding belief that being cultured and being moral are necessary for a person to participate in public life. We often think of China in political terms – and focus on the history of government – or in social terms – and study the role of the family in society. But this course looks at the individual and the striving for culture and morality.",edX
41,https://online-learning.harvard.edu/course/women-making-history-ten-objects-many-stories?delta=2,"Women Making History: Ten Objects, Many Stories",Humanities,8 weeks long,Introductory,"As we approach the centennial of the passage of women’s suffrage in 1920, there has been a recent burst of activism among American women. Women are running for political office in record numbers. Women are organizing and taking to the streets to demand change. Women are grappling with inclusion and intersectionality.",edX
42,https://online-learning.harvard.edu/course/women-making-history-ten-objects-many-stories?delta=3,"Women Making History: Ten Objects, Many Stories",Humanities,8 weeks long,Introductory,"As we approach the centennial of the passage of women’s suffrage in 1920, there has been a recent burst of activism among American women. Women are running for political office in record numbers. Women are organizing and taking to the streets to demand change. Women are grappling with inclusion and intersectionality.",edX
43,https://online-learning.harvard.edu/course/remote-work-revolution-everyone?delta=0,Remote Work Revolution for Everyone,Business,3 weeks long,Introductory,How are you thriving or surviving in your remote work environment? ,edX
44,https://online-learning.harvard.edu/course/ph556x-practical-improvement-science-health-care-roadmap-getting-results?delta=1,Practical Improvement Science in Health Care: A Roadmap for Getting Results,Business,7 weeks long,Introductory,"Developed through a collaboration between HarvardX and the Institute for Healthcare Improvement, PH 556x: Practical Improvement Science in Health Care: A roadmap for getting results will provide learners with the valuable skills and simple, well-tested tools they need to translate promising innovations or evidence into practice. A group of expert faculty will explore a scientific approach to improvement — a practical, rigorous methodology that includes a theory of change, measurable aims, and iterative, incremental small tests of change to determine if improvement concepts can be implemented effectively in practice. Faculty will present this science through the lens of improving health and health care, but will also share examples of how improvement can (and does) influence our daily lives.",edX
45,https://online-learning.harvard.edu/course/japanese-books-manuscript-print?delta=1,Japanese Books: From Manuscript to Print,Humanities,9 weeks long,Introductory,"This course expands the definition of the “book” to include scrolls and albums, focusing on the reading experience of a variety of formats in Japan. You will begin by examining rare and beautifully preserved manuscripts in the Harvard Art Museums in an introduction exploring the material properties of Japanese books and scrolls, binding techniques, and important terminology. An examination of the illustrated scroll comes next, through a unit on the short story and visual storytelling in premodern Japan. The course concludes with The Tale of Genji , an overview of how this celebrated epic from the eleventh century was read and illustrated in every conceivable format, from scroll, to album, to printed book, into the modern era.",edX
46,https://online-learning.harvard.edu/course/shakespeares-life-and-work?delta=1,Shakespeare's Life and Work,Humanities,4 weeks long,Introductory,How do we read Shakespeare? Do his plays belong to the past or the present? To a famed dramatic genius or to readers and audiences around the globe? What do his plays really mean?,edX
47,https://online-learning.harvard.edu/course/shakespeares-hamlet-ghost?delta=2,Shakespeare’s Hamlet: The Ghost,Humanities,4 weeks long,Introductory,"In the first act of William Shakespeare’s Hamlet, the Ghost of the dead King of Denmark appears to his son, setting off a chain of events that culminates in the play’s notoriously bloody finale. But how would this mysterious figure have been understood in Shakespeare’s world?",edX
48,https://online-learning.harvard.edu/course/shakespeare%E2%80%99s-merchant-venice-shylock?delta=2,Shakespeare’s Merchant of Venice: Shylock,Humanities,4 weeks long,Introductory,Harvard professor Stephen Greenblatt (John Cogan University Professor of the Humanities) guides learners through an exploration of Shakespeare’s unforgettable character Shylock in The Merchant of Venice and his historical origins.,edX
49,https://online-learning.harvard.edu/course/shakespeares-othello-moor?delta=2,Shakespeare’s Othello: The Moor,Humanities,4 weeks long,Introductory,"In this course, we'll read William Shakespeare’s Othello and discuss the play from a variety of perspectives. The goal of the course is not to cover everything that has been written on Othello. Rather, it is to find a single point of entry to help us think about the play as a whole. Our entry point is storytelling.  We'll look at the ways in which Shakespeare's characters tell stories within the play––about themselves, to themselves, and to each other. We'll consider, too, how actors, directors, composers, and other artists tell stories through Othello in performance. By focusing on storytelling, we can see how the play grapples with larger issues including power, identity, and the boundary between fact and fiction. From lectures filmed on-location in Venice, London, and Stratford-upon Avon to conversations with artists, academics, and librarians at Harvard, students will have unprecedented access to a range of resources for ""unlocking"" Shakespeare's classic play.",edX
50,https://online-learning.harvard.edu/tangible-things?delta=1,Tangible Things,Humanities,10 weeks long,Introductory,"Have you ever wondered about how museum, library, and other kinds of historical or scientific collections all come together? Or how and why curators, historians, archivists, and preservationists do what they do?",edX
51,https://online-learning.harvard.edu/course/entrepreneurship-in-emerging-economies?delta=3,Entrepreneurship in Emerging Economies,Business,6 weeks long,Introductory,"This business and management course, taught by Harvard Business School professor Tarun Khanna, takes an interdisciplinary approach to understanding and solving complex social problems. You will learn about prior attempts to address these problems, identify points of opportunity for smart entrepreneurial efforts, and propose and develop your own creative solutions.",edX
52,https://online-learning.harvard.edu/course/architectural-imagination?delta=3,The Architectural Imagination,Art & Design,10 weeks long,Introductory,"Architecture engages a culture’s deepest social values and expresses them in material, aesthetic form. This course will teach you how to understand architecture as both cultural expression and technical achievement. Vivid analyses of exemplary buildings, and hands-on exercises in drawing and modeling, will bring you closer to the work of architects and historians.",edX
53,https://online-learning.harvard.edu/course/cs50s-understanding-technology-0?delta=0,CS50's Understanding Technology,Programming,6 weeks long,Introductory,"This is CS50's introduction to technology for students who don’t (yet) consider themselves computer persons. Designed for those who work with technology every day but don’t necessarily understand how it all works underneath the hood or how to solve problems when something goes wrong, this course fills in the gaps, empowering you to use and troubleshoot technology more effectively. Through lectures on hardware, the Internet, multimedia, security, programming, and web development, this course equips you for today’s technology and prepares you for tomorrow’s as well.",edX
54,https://online-learning.harvard.edu/course/cs50s-introduction-programming-scratch?delta=0,CS50's Introduction to Programming with Scratch,Computer Science,3 weeks long,Introductory,"An introduction to programming using Scratch, a visual programming language via which aspiring programmers can write code by dragging and dropping graphical blocks (that resemble puzzle pieces) instead of typing out text. Used at the start of Harvard College's introductory course in computer science, CS50, Scratch was designed at MIT's Media Lab, empowering students with no prior programming experience to design their own animations, games, interactive art, and stories. Using Scratch, this course introduces students to fundamentals of programming, found not only in Scratch itself but in traditional text-based languages (like Java and Python) as well. Topics include: functions, which are instructions that perform tasks; return values, which are results that functions provide; conditions, via which programs can decide whether or not to perform some action; loops, via which programs can take action again and again; variables, via which programs can remember information; and more. Ultimately, this course prepares students for subsequent courses in programming.",edX
55,https://online-learning.harvard.edu/course/cs50s-computer-science-business-professionals-0?delta=0,CS50's Computer Science for Business Professionals,Programming,6 weeks long,Introductory,"This is CS50’s introduction to computer science for business professionals, designed for managers, product managers, founders, and decision-makers more generally. Whereas CS50 itself takes a bottom-up approach, emphasizing mastery of low-level concepts and implementation details thereof, this course takes a top-down approach, emphasizing mastery of high-level concepts and design decisions related thereto. Through lectures on computational thinking, programming languages, internet technologies, web development, technology stacks, and cloud computing, this course empowers you to make technological decisions even if not a technologist yourself. You’ll emerge from this course with first-hand appreciation of how it all works and all the more confident in the factors that should guide your decision-making.",edX
56,https://online-learning.harvard.edu/course/18th-century-opera-handel-mozart?delta=2,18th-Century Opera: Handel & Mozart,Art & Design,5 weeks long,Introductory,"In this breathtaking course, you'll get to know the music of two beautiful operas — both in their spellbinding artistry and colorful histories.",edX
57,https://online-learning.harvard.edu/course/19th-century-opera-meyerbeer-wagner-verdi?delta=2,"19th-Century Opera: Meyerbeer, Wagner, & Verdi",Art & Design,6 weeks long,Introductory,"Travel through central Europe in the 1800s to experience the premieres of Meyerbeer’s Les Huguenots, Wagner’s Das Rheingold, and Verdi’s Otello. A complement to our course on 18th-century opera, you’ll be introduced to opera through an in-depth study of these canonical works. You’ll learn about the musical details of each opera and the cultural influence of the works by understanding the circumstances of its composition, premiere performance, and its legacy and significance today.",edX
58,https://online-learning.harvard.edu/course/cell-biology-mitochondria?delta=1,Cell Biology: Mitochondria,Science,4 weeks long,Introductory,"The cell is a powerful case study to help us explore the functional logic of living systems. All organisms, from single-celled algae to complex multicellular organisms like us, are made up of cells. In this course, you will learn the how and why of biology by exploring the function of the molecular components of cells, and how these cellular components are organized in a complex hierarchy.",edX
59,https://online-learning.harvard.edu/course/humanitarian-response-conflict-and-disaster?delta=2,Humanitarian Response to Conflict and Disaster,Health & Medicine,5 weeks long,Introductory,"From the Syrian refugee crisis to the West Africa Ebola outbreak, humanitarian emergencies have reached unprecedented dimensions and proportions. As need for humanitarian aid grows, how can efforts to alleviate human suffering evolve with it?",edX
60,https://online-learning.harvard.edu/course/fundamentals-neuroscience-part-2-neurons-and-networks?delta=2,"Fundamentals of Neuroscience, Part 2: Neurons and Networks",Science,6 weeks long,Introductory,"Neurons in isolation are fascinating and complicated, but the real magic of neuroscience happens in the interaction between neurons. In this course, we examine how neurons pass signals to one another and how complex dynamics can result from just a few neurons arranged in relatively simple circuits.",edX
61,https://online-learning.harvard.edu/course/humanitarian-response-conflict-and-disaster?delta=2,Humanitarian Response to Conflict and Disaster,Health & Medicine,5 weeks long,Introductory,"From the Syrian refugee crisis to the West Africa Ebola outbreak, humanitarian emergencies have reached unprecedented dimensions and proportions. As need for humanitarian aid grows, how can efforts to alleviate human suffering evolve with it?",edX
62,https://online-learning.harvard.edu/course/bioethics-law-medicine-and-ethics-reproductive-technologies-and-genetics?delta=2," Bioethics: The Law, Medicine, and Ethics of Reproductive Technologies and Genetics",Humanities,10 weeks long,Introductory,"Bioethics provides an overview of the legal, medical, and ethical questions around reproduction and human genetics and how to apply legal reasoning to these questions.",edX
63,https://online-learning.harvard.edu/course/fundamentals-neuroscience-part-3-brain?delta=2,"Fundamentals of Neuroscience, Part 3: The Brain",Science,8 weeks long,Introductory,"The human brain is a fantastically complex system, capable of transforming a torrent of incoming information into thought and action. In this course, we will look at how the various subsystems of the brain work together to enable us to survive and thrive in a changing world.",edX
64,https://online-learning.harvard.edu/course/exercising-leadership-foundational-principles?delta=0,Exercising Leadership: Foundational Principles,Business,4 weeks long,Introductory,"The crises of our time generate enormous adaptive challenges for our families, organizations, communities, and societies. The need for leadership that can mobilize people to meet these challenges and improve life is critical.",edX
65,https://online-learning.harvard.edu/course/introduction-digital-humanities?delta=2,Introduction to Digital Humanities,Humanities,7 weeks long,Introductory,"As primary sources of information are more frequently digitized and available online than ever before, how can we use those sources to ask new questions? How did Chinese families organize themselves and their landscapes in China’s past? How did African slaves from different cultures form communities in the Americas? What influences informed the creation and evolution of Broadway musicals? How can I understand or interpret 1,000 books all at once? How can I create a visualization that my students can interact with? The answers to these questions can be explored using a wide variety of digital tools, methods, and sources.",edX
66,https://online-learning.harvard.edu/course/causal-diagrams-draw-your-assumptions-your-conclusions?delta=2,Causal Diagrams: Draw Your Assumptions Before Your Conclusions,Data Science,9 weeks long,Introductory,"Causal diagrams have revolutionized the way in which researchers ask: Does X have a causal effect on Y? They have become a key tool for researchers who study the effects of treatments, exposures, and policies. By summarizing and communicating assumptions about the causal structure of a problem, causal diagrams have helped clarify apparent paradoxes, describe common biases, and identify adjustment variables. As a result, a sound understanding of causal diagrams is becoming increasingly important in many scientific disciplines.",edX
67,https://online-learning.harvard.edu/course/backyard-meteorology-science-weather?delta=2,Backyard Meteorology: The Science of Weather,Science,6 weeks long,Introductory,"The weather forecasts we see every day are based an army of meteorological sensing networks and intensive computer modeling. Before the rise of these technologies, forecasts were made by understanding cloud formations and wind directions.",edX
68,https://online-learning.harvard.edu/course/path-happiness-what-chinese-philosophy-teaches-us-about-good-life?delta=1,The Path to Happiness: What Chinese Philosophy Teaches Us about the Good Life,Humanities,7 weeks long,Introductory,"Today, finding happiness is about mindfulness and discovering your true self. You may have heard that happiness is found by looking within. Ancient Chinese philosophy challenges all of these modern assumptions. From Confucianism to Daoism, the philosophies developed over two thousand years ago are among the most powerful in human history. ",edX
69,https://online-learning.harvard.edu/course/anatomyx-musculoskeletal-cases?delta=3,Human Anatomy: Musculoskeletal Cases,Science,7 weeks long,Intermediate,Human Anatomy: Musculoskeletal Cases invites students to join medical and basic science faculty at Harvard Medical School (HMS) to learn about musculoskeletal injuries commonly seen in clinical practice. ,edX
70,https://online-learning.harvard.edu/course/strengthening-community-health-worker-programs?delta=1,Strengthening Community Health Worker Programs,Health & Medicine,6 weeks long,Introductory,"Despite medical and technological advances, half of the world’s population lacks access to essential health services, and over 8.9 million preventable deaths occur every year. There is an acute global shortage of health workers, a gap that will grow to 18 million by 2030. Studies show that training high-performing community health workers can help close these gaps and save more than 3 million lives annually. ",edX
71,https://online-learning.harvard.edu/course/data-science-machine-learning?delta=3,Data Science: Machine Learning,Computer Science,8 weeks long,Introductory,"Perhaps the most popular data science methodologies come from machine learning. What distinguishes machine learning from other computer guided decision processes is that it builds prediction algorithms using data. Some of the most popular products that use machine learning include the handwriting readers implemented by the postal service, speech recognition, movie recommendation systems, and spam detectors.",edX
72,https://online-learning.harvard.edu/course/using-python-research?delta=1,Using Python for Research,Computer Science,5 weeks long,Intermediate,"This course bridges the gap between introductory and advanced courses in Python. While there are many excellent introductory Python courses available, most typically do not go deep enough for you to apply your Python skills to research projects. In this course, after first reviewing the basics of Python 3, we learn about tools commonly used in research settings.",edX
73,https://online-learning.harvard.edu/course/data-science-visualization?delta=3,Data Science: Visualization,Data Science,8 weeks long,Introductory,"As part of our Professional Certificate Program in Data Science, this course covers the basics of data visualization and exploratory data analysis. We will use three motivating examples and ggplot2, a data visualization package for the statistical programming language R. We will start with simple datasets and then graduate to case studies about world health, economics, and infectious disease trends in the United States.",edX
74,https://online-learning.harvard.edu/course/data-science-capstone?delta=3,Data Science: Capstone,Data Science,2 weeks long,Introductory,"To become an expert data scientist you need practice and experience. By completing this capstone project you will get an opportunity to apply the knowledge and skills in R data analysis that you have gained throughout the series. This final project will test your skills in data visualization, probability, inference and modeling, data wrangling, data organization, regression, and machine learning.",edX
75,https://online-learning.harvard.edu/course/data-science-machine-learning?delta=3,Data Science: Machine Learning,Computer Science,8 weeks long,Introductory,"Perhaps the most popular data science methodologies come from machine learning. What distinguishes machine learning from other computer guided decision processes is that it builds prediction algorithms using data. Some of the most popular products that use machine learning include the handwriting readers implemented by the postal service, speech recognition, movie recommendation systems, and spam detectors.",edX
76,https://online-learning.harvard.edu/course/using-python-research?delta=1,Using Python for Research,Computer Science,5 weeks long,Intermediate,"This course bridges the gap between introductory and advanced courses in Python. While there are many excellent introductory Python courses available, most typically do not go deep enough for you to apply your Python skills to research projects. In this course, after first reviewing the basics of Python 3, we learn about tools commonly used in research settings.",edX
77,https://online-learning.harvard.edu/course/data-science-visualization?delta=3,Data Science: Visualization,Data Science,8 weeks long,Introductory,"As part of our Professional Certificate Program in Data Science, this course covers the basics of data visualization and exploratory data analysis. We will use three motivating examples and ggplot2, a data visualization package for the statistical programming language R. We will start with simple datasets and then graduate to case studies about world health, economics, and infectious disease trends in the United States.",edX
78,https://online-learning.harvard.edu/course/data-science-capstone?delta=3,Data Science: Capstone,Data Science,2 weeks long,Introductory,"To become an expert data scientist you need practice and experience. By completing this capstone project you will get an opportunity to apply the knowledge and skills in R data analysis that you have gained throughout the series. This final project will test your skills in data visualization, probability, inference and modeling, data wrangling, data organization, regression, and machine learning.",edX
79,https://online-learning.harvard.edu/course/data-science-probability?delta=2,Data Science: Probability,Data Science,8 weeks long,Introductory,"In this course, part of our Professional Certificate Program in Data Science, you will learn valuable concepts in probability theory. The motivation for this course is the circumstances surrounding the financial crisis of 2007–2008. Part of what caused this financial crisis was that the risk of some securities sold by financial institutions was underestimated. To begin to understand this very complicated event, we need to understand the basics of probability. ",edX
80,https://online-learning.harvard.edu/course/data-science-r-basics?delta=3,Data Science: R Basics,Data Science,8 weeks long,Introductory,"The first in our Professional Certificate Program in Data Science, this course will introduce you to the basics of R programming. You can better retain R when you learn it to solve a specific problem, so you’ll use a real-world dataset about crime in the United States. You will learn the R skills needed to answer essential questions about differences in crime across the different states.",edX
81,https://online-learning.harvard.edu/course/american-government-constitutional-foundations?delta=2,American Government: Constitutional Foundations,Social Sciences,4 weeks long,Introductory,"“We the People” are the opening words of the U.S. Constitution, yet the original document did not give citizens much say in the election of their officials. Though some of those issues have been addressed, substantial barriers—gerrymandering, voter registration, and voter ID laws—still restrain the power of the vote. Why? How can a country, founded more than 200 years ago on the ideals of liberty, equality, and individualism, still struggle to empower all of its citizens equally?",edX
82,https://online-learning.harvard.edu/course/us-political-institutions-congress-presidency-courts-and-bureaucracy?delta=2,"U.S. Political Institutions: Congress, Presidency, Courts, and Bureaucracy",Social Sciences,4 weeks long,Introductory,"How do the three branches of government operate? How is power shared among Congress, the president, and the Supreme Court? What role is played by federal agencies that have no direct constitutional authority of their own?",edX
83,https://online-learning.harvard.edu/course/citizen-politics-america-public-opinion-elections-interest-groups-and-media?delta=2,"Citizen Politics in America: Public Opinion, Elections, Interest Groups, and the Media",Social Sciences,4 weeks long,Introductory,"Public opinion has a powerful yet inexact influence on elected officials. Politicians risk their careers if they ignore it, yet its power is not easy to capture nor quantify. This course will look at how political parties, campaigns, social movements, special interests, and the news media all play a role in influencing public opinion. ",edX
84,https://online-learning.harvard.edu/course/us-public-policy-social-economic-and-foreign-policies?delta=2,"U.S. Public Policy: Social, Economic, and Foreign Policies",Social Sciences,4 weeks long,Introductory,"Public policy puts laws into action. The executive branch directs the combined activities of the federal government to address a multitude of problems, from the environment to the economy. The policies of the United States affect social issues, economic growth, taxes, regulation, and foreign affairs. This course will take a broad view of public policy in America but will use specific examples, such as the 2008 economic downturn and climate change, to illustrate the wide-ranging effects of those policies.",edX
85,https://online-learning.harvard.edu/course/einstein-revolution?delta=1,The Einstein Revolution,Humanities,14 weeks long,Introductory,"Albert Einstein has become the icon of modern science. Following his scientific, cultural, philosophical, and political trajectory, this course aims to track the changing role of physics in the 20th and 21st centuries. This history course addresses Einstein's engagement with relativity, quantum mechanics, Nazism, nuclear weapons, philosophy, the arts, and technology, and raises basic questions about what it means to understand physics in its broader history. Participants in the course will follow seventeen lessons, each of which will present a mix of science (no prerequisites!) and the broader, relevant cultural surround. Some weeks will examine the physics concepts, while others will see excerpts of films or discuss modernist poetry that took off from relativity. Or we might be looking at the philosophical roots and philosophical consequences of Einstein’s works. At other times we will be fully engaged with historical and political questions: the building, dropping, and proliferation of nuclear weapons, for example. Typically, in a lesson (about an hour of streamed material), there will be opportunities for individual mini-essay writing, some multiple choice questions to bolster your understanding of the science, and a group activity which might one week be a debate and another a collective commentary on elements of an artwork from 1920s Weimar Germany.",edX
86,https://online-learning.harvard.edu/course/introduction-probability-edx?delta=2,Introduction to Probability (on edX),Mathematics,10 weeks long,Intermediate,"Probability and statistics help to bring logic to a world replete with randomness and uncertainty. This course will give you the tools needed to understand data, science, philosophy, engineering, economics, and finance. You will learn not only how to solve challenging technical problems, but also how you can apply those solutions in everyday life.",edX
87,https://online-learning.harvard.edu/course/pyramids-giza-ancient-egyptian-art-and-archaeology?delta=2,Pyramids of Giza: Ancient Egyptian Art and Archaeology,Art & Design,8 weeks long,Introductory,"Where is Giza? How were the Pyramids built? How did the cemeteries and hundreds of decorated tombs around them develop? What was Giza’s contribution to this first great age of ancient Egyptian civilization, the Old Kingdom?",edX
88,https://online-learning.harvard.edu/course/leaders-learning?delta=2,Leaders of Learning ,Education & Teaching,10 weeks long,Introductory,"All of us carry explicit or implicit theories of learning. They manifest themselves in the ways we learn, the ways we teach, and the ways we think about leadership and learning.",edX
89,https://online-learning.harvard.edu/course/calculus-applied?delta=2,Calculus Applied!,Mathematics,10 weeks long,Intermediate,"In this course, we go beyond the calculus textbook, working with practitioners in social, life, and physical sciences to understand how calculus and mathematical models play a role in their work.",edX
90,https://online-learning.harvard.edu/course/energy-within-environmental-constraints?delta=2,Energy Within Environmental Constraints,Science,10 weeks long,Introductory,"Humanity faces an immense challenge: providing abundant energy to everyone without wrecking the planet. If we want a high-energy future while protecting the natural world for our children, we must consider the environmental consequences of energy production and use. But money matters too: energy solutions that ignore economic costs are not realistic, particularly in a world where billions of people currently can’t afford access to basic energy services. How can we proceed?",edX
91,https://online-learning.harvard.edu/course/lessons-ebola-preventing-next-pandemic?delta=2,Lessons from Ebola: Preventing the Next Pandemic,Health & Medicine,4 weeks long,Introductory,"Like no other event in recent history, the 2014 Ebola outbreak has made clear the fragility of existing health systems. While responding to the current epidemic is critical, we also have an opportunity to learn lessons to prevent the next global health catastrophe, forge partnerships across borders and disciplines, and demonstrate our commitment to value all human lives.",edX
92,https://online-learning.harvard.edu/course/child-protection-childrens-rights-theory-and-practice?delta=2,Child Protection: Children's Rights in Theory and Practice,Social Sciences,16 weeks long,Introductory,"Across the world, children are at risk from violence, abuse, exploitation, and neglect. Conflict and natural disasters have forced millions to flee their homes and confront the dangers of migration and displacement. Commercial sexual exploitation and trafficking, child labor, and child marriage are problems in many countries. At-risk children and adolescents need their rights enforced if we are to protect them from harm and to ensure that they develop to their full potential.",edX
93,https://online-learning.harvard.edu/course/prescription-drug-regulation-cost-and-access-current-controversies-context?delta=0,"Prescription Drug Regulation, Cost, and Access: Current Controversies in Context",Health & Medicine,8 weeks long,Introductory,Prescription drugs are among the most common health care interventions and have turned many once-fatal diseases into manageable conditions — but they have also been a growing source of controversy. Patients and physicians in the US struggle with increasing costs and express concerns about why certain conditions like Alzheimer’s disease remain without therapeutic options.,edX
94,https://online-learning.harvard.edu/course/improving-global-health-focusing-quality-and-safety?delta=3,Improving Global Health: Focusing on Quality and Safety,Health & Medicine,8 weeks long,Intermediate,"Improving access to healthcare is only as useful as the quality of care provided. Many agree that quality is important – but what is it? How do we define it? How do we measure it? And most importantly, how might we make it better?",edX
95,https://online-learning.harvard.edu/course/leadership-creating-public-value?delta=0,Leadership: Creating Public Value,Social Sciences,7 weeks long,Introductory,Are you ready to take up the challenge of public leadership? ,edX
96,https://online-learning.harvard.edu/course/rhetoric-art-persuasive-writing-and-public-speaking?delta=3,Rhetoric: The Art of Persuasive Writing and Public Speaking,Humanities,8 weeks long,Introductory,"We are living in a contentious time in history. Fundamental disagreements on critical political issues make it essential to learn how to make an argument and analyze the arguments of others. This ability will help you engage in civil discourse and make effective changes in society. Even outside the political sphere, conveying a convincing message can benefit you throughout your personal, public, and professional lives.",edX
97,https://online-learning.harvard.edu/course/justice-today-money-markets-and-morals-edx?delta=1,"Justice Today: Money, Markets, and Morals (edX)",Humanities,8 weeks long,Introductory,"Should you be able to buy a vote, citizenship, or college admission? Would you bet on someone else’s life—or, more accurately their death date? What about paying to see the exploitation of a person? ",edX
98,https://online-learning.harvard.edu/course/technology-entrepreneurship-lab-market?delta=2,Technology Entrepreneurship: Lab to Market,Business,5 weeks long,Introductory,"Universities, government labs, and private companies invest billions of dollars in the research and development of breakthrough technologies that have the potential to transform industries and lives — but very few of these technologies ever leave the lab. Those that do often fail to find compelling market applications. So what determines success? How does an invention become an enduring innovation?",edX
99,https://online-learning.harvard.edu/course/buddhism-through-its-scriptures?delta=2,Buddhism Through Its Scriptures,Humanities,4 weeks long,Introductory,"Whether you are new to the study of Buddhism or have been studying it or practicing it for years, this course will provide you with the opportunity to become acquainted with a variety of Buddhist teachings while guiding you to think about them, and yourself, in new ways.",edX
100,https://online-learning.harvard.edu/course/sikhism-through-its-scriptures-0?delta=1, Sikhism Through Its Scriptures,Humanities,4 weeks long,Introductory,"Sikhi, commonly known as Sikhism, is a monotheistic religious tradition that was founded by Guru Nanak in late fifteenth-century Panjab in South Asia. Today, Sikhi’s approximately twenty-five to thirty million adherents can be found all over the globe, making it one of the six major religions of the world. Sikhi encompasses several religious, social, economic and political institutions, most of which were established and nurtured by Guru Nanak and his nine successors, known as Sikh Gurus. ",edX
101,https://online-learning.harvard.edu/course/islam-through-its-scriptures?delta=1, Islam Through Its Scriptures,Humanities,4 weeks long,Introductory,"How can you improve your understanding of Islam and its most important holy text, the Quran? How can you make sense of a tradition and a text that have been interpreted in different ways across vast geographical spaces for nearly a millennium and a half?",edX
102,https://online-learning.harvard.edu/course/hinduism-through-its-scriptures?delta=1,Hinduism Through Its Scriptures,Humanities,4 weeks long,Introductory,Ever wondered about the sacred scriptures that have sustained for millennia one of the oldest and most diverse religions of the world - Hinduism? Want to discover the lessons this history may offer mankind in the 21st century?,edX
103,https://online-learning.harvard.edu/course/judaism-through-its-scriptures?delta=2, Judaism Through Its Scriptures,Humanities,4 weeks long,Introductory,"For over two millennia, Jews throughout the entire world have been committed to reading, interpreting, and living their scriptures. But what are the Jewish scriptures? When were they written? And why are they relevant in the 21st century?",edX
104,https://online-learning.harvard.edu/course/religious-literacy-traditions-and-scriptures?delta=2,Religious Literacy: Traditions and Scriptures,Humanities,4 weeks long,Introductory,"The study of religion is the study of a rich and fascinating dimension of human experience that includes but goes well beyond beliefs and ritual practices. In this religion course, learners explore case studies about how religions are internally diverse, how they evolve and change through time, and how religions are embedded in all dimensions of human experience. We’ll explore these tenets through the lens of scripture and through themes such as gender and sexuality, art, violence and peace, science, and power and authority.",edX
105,https://online-learning.harvard.edu/course/hinduism-through-its-scriptures?delta=1,Hinduism Through Its Scriptures,Humanities,4 weeks long,Introductory,Ever wondered about the sacred scriptures that have sustained for millennia one of the oldest and most diverse religions of the world - Hinduism? Want to discover the lessons this history may offer mankind in the 21st century?,edX
106,https://online-learning.harvard.edu/course/contractsx-trust-promise-contract?delta=7,Contract Law: From Trust to Promise to Contract,Social Sciences,8 weeks long,Intermediate,"Learn about contracts from Harvard Law Professor Charles Fried, one of the world’s leading authorities on contract law. Contracts are promises that the law will enforce. But when will the law refuse to honor a promise? What happens when one party does not hold to their part of the deal? This version of the course adds new units on Interpretation, Agency, Partnerships, Corporations, and Government Regulation",edX
107,https://online-learning.harvard.edu/course/science-and-cooking?delta=3,Science & Cooking: From Haute Cuisine to Soft Matter Science (chemistry),Science,16 weeks long,Introductory,"During each week of this course, chefs reveal the secrets behind some of their most famous culinary creations — often right in their own restaurants. Inspired by such cooking mastery, the Harvard team will then explain the science behind the recipe.",edX
108,https://online-learning.harvard.edu/course/science-cooking-haute-cuisine-soft-matter-science-physics?delta=3,Science & Cooking: From Haute Cuisine to Soft Matter Science (physics),Science,16 weeks long,Introductory,"In this course, which investigates physical transformations in food, we will be visited by world-famous chefs who use a number of different styles and techniques in their cooking. Each chef will demonstrate how he or she prepares delicious and interesting creations, and we will explore how fundamental scientific principles make them possible.",edX
